{
  "Diplomatic Mission": [
    {
      "country": "HOLY SEE",
      "office_name": "Apostolic Nunciature",
      "address": "2140 Taft Avenue, Manila",
      "contact": "8521-0306; 8521-0307",
      "representative": "H.E. MOST REV. CHARLES JOHN BROWN",
      "title": "Apostolic Nuncio"
    },
    {
      "country": "ANGOLA",
      "office_name": "Embassy of the Republic of Angola",
      "address": "Unit 2003 One Global Place, 5th Avenue cor. 25th Street, Bonifacio Global City, Taguig City",
      "contact": "8892-4081; 8892-4082; 8892-4195 F",
      "email": "angofil@angolaembassy.net.ph",
      "representative": "H.E. DANIEL ANTONIO ROSA",
      "title": "Ambassador Extraordinary and Plenipotentiary"
    },
    {
      "country": "ARGENTINA",
      "office_name": "Embassy of the Argentine Republic",
      "address": "8/F Liberty Center Bldg., 104 H. V. Dela Costa St., Salcedo Village, Makati City",
      "contact": "8845-3218; 8845-3219; 8845-3238; 8845-3220 F",
      "email": "efili@mrecic.gov.ar",
      "website": "www.efili.cancilleria.gob.ar/en",
      "representative": "H.E. RICARDO LUIS BOCALANDRO",
      "title": "Ambassador Extraordinary and Plenipotentiary"
    },
    {
      "country": "AUSTRALIA",
      "office_name": "Australian Embassy",
      "address": "23rd Level Tower 2, RCBC Plaza, 6819 Ayala Ave., Makati City",
      "contact": "7757-8100 TL; 7757-8268 F",
      "email": "Public-Affairs-MNLA@dfat.gov.au",
      "website": "www.philippines.embassy.gov.au",
      "representative": "H.E. HAE KYONG YU",
      "title": "Ambassador Extraordinary and Plenipotentiary"
    },
    {
      "country": "AUSTRIA",
      "office_name": "Embassy of the Republic of Austria",
      "address": "8/F One Orion Bldg., 11th Ave. cor. 38th St., Bonifacio Global City, Taguig Cty",
      "contact": "8817-9191; 8813-4238 F",
      "email": "manila-ob@bmeia.gv.at",
      "website": "https://www.bmeia.gv.at/en/austrian-embassy-manila",
      "representative": "H.E. JOHANN BRIEGER",
      "title": "Ambassador Extraordinary and Plenipotentiary"
    },
    {
      "country": "BANGLADESH",
      "office_name": "Embassy of the People's Republic of Bangladesh",
      "address": "2/F HERCO Center, 114 Benavidez St., Legaspi Village, Makati City",
      "contact": "8817-5001; 8816-4941 F; 8856-9568 F",
      "email": "consular.manila@mofa.gov.ph",
      "website": "www.manila.mofa.gov.bd",
      "representative": "H.E. F. M. BORHAN UDDIN",
      "title": "Ambassador Extraordinary and Plenipotentiary"
    },
    {
      "country": "BELGIUM",
      "office_name": "Embassy of the Kingdom of Belgium",
      "address": "9/F Multinational Bancorporation Center, 6805 Ayala Ave., Makati City",
      "contact": "8845-1869 to 73",
      "email": "manila@diplobel.fed.be",
      "website": "philippines.diplomatie.belgium.be/en",
      "representative": "H.E. MICHEL MONIQUE M. PARYS",
      "title": "Ambassador Extraordinary and Plenipotentiary"
    },
    {
      "country": "BRAZIL",
      "office_name": "Embassy of the Federative Republic of Brazil",
      "address": "16/F Liberty Center Bldg., 104 H. V. Dela Costa St., Salcedo Village, Makati City",
      "contact": "8845-3651 to 53 TL; 845 3677; 8845-3676 F",
      "email": "brasemb.manila@itamaraty.gov.br",
      "website": "manila.itamaraty.gov.br",
      "representative": "H.E. GILBERTO FONSECA GUIMARÃES DE MOURA",
      "title": "Ambassador Extraordinary and Plenipotentiary"
    },
    {
      "country": "BRUNEI DARUSSALAM",
      "office_name": "Embassy of Brunei Darussalam",
      "address": "6/F 111 Paseo de Roxas Bldg., Paseo de Roxas cor. Legaspi St., Makati City",
      "contact": "8816-2836 to 38; 8891-6646 F",
      "email": "manila.philippines@mfa.gov.bn",
      "website": "mfa.gov.bn/philippines_manila",
      "representative": "H.E. MEGAWATI MANAN",
      "title": "Ambassador Extraordinary and Plenipotentiary"
    },
    {
      "country": "CAMBODIA",
      "office_name": "Royal Embassy of Cambodia",
      "address": "Unit 7-A Country Space One Bldg., Sen. Gil Puyat Ave., Makati City",
      "contact": "8810-1896; 8818-9981; 8818-9983 F",
      "email": "camemb.phl@mfaic.gov.kh",
      "representative": "H.E. PHAN PEUV",
      "title": "Ambassador Extraordinary and Plenipotentiary"
    },
    {
      "country": "CANADA",
      "office_name": "Embassy of Canada",
      "address": "Levels 6 to 8 Tower 2, RCBC Plaza, 6819 Ayala Ave., Makati City",
      "contact": "8857-9000; 8857-9173 F",
      "email": "manil@international.gc.ca",
      "website": "https://www.international.gc.ca/country-pays/philippines/manila-manille.aspx",
      "representative": "H.E. DAVID BRUCE HARTMAN",
      "title": "Ambassador Extraordinary and Plenipotentiary"
    },
    {
      "country": "CHILE",
      "office_name": "Embassy of Chile",
      "address": "17/F Liberty Center Bldg., 104 H. V. Dela Costa cor. Leviste St., Salcedo Village, Makati City",
      "contact": "8843-3461; 8843-1976 F",
      "email": "embajada.filipinas@minrel.gob.cl",
      "website": "https://www.chile.gob.cl/filipinas/en",
      "representative": "H.E. ÁLVARO DOMINGO JARA BUCAREY",
      "title": "Ambassador Extraordinary and Plenipotentiary"
    },
    {
      "country": "CHINA",
      "office_name": "Embassy of the People's Republic of China",
      "address": "4896 Pasay Road, Dasmariñas Village, Makati City",
      "contact": "8688-5358 TF",
      "email": "chinaemb.manila@gmail.com",
      "website": "http://ph.china-embassy.gov.cn/eng/",
      "representative": "H.E. XILIAN HUANG",
      "title": "Ambassador Extraordinary and Plenipotentiary"
    },
    {
      "country": "COLOMBIA",
      "office_name": "Embassy of the Republic of Colombia",
      "address": "14/F Inoza Tower, 40th Street, Bonicafio Global City, Taguig",
      "contact": "8800-9163; 8825-5513 F",
      "email": "efilipinas@cancilliera.gov.co",
      "website": "https://filipinas.embajada.gov.co",
      "representative": "vacant",
      "title": null
    },
    {
      "country": "THE CZECH REPUBLIC",
      "office_name": "Embassy of the Czech Republic",
      "address": "30/F Rufino Pacific Tower, 6784 Ayala Ave., V.A. Rufino St., Makati City",
      "contact": "8811-1155; 8811-1156; 8811-1020",
      "email": "manila@mzv.gov.cz",
      "website": "https://mzv.gov.cz/manila/en",
      "representative": "H.E. KAREL HEJČ",
      "title": "Ambassador Extraordinary and Plenipotentiary"
    },
    {
      "country": "DENMARK",
      "office_name": "Royal Danish Embassy",
      "address": "11/F 11th Corporate Center, 11th Ave. cor. Triangle Drive, Bonifacio Global City, Taguig City",
      "contact": "8865-8800; 8893 9387 F",
      "email": "mnlamb@um.dk",
      "website": "https://filippinerne.um.dk",
      "representative": "H.E. FRANZ-MICHAEL SKJOLD MELLBIN",
      "title": "Ambassador Extraordinary and Plenipotentiary"
    },
    {
      "country": "EGYPT",
      "office_name": "Embassy of the Arab Republic of Egypt",
      "address": "7/F G.C. Corporate Plaza, 150 Legaspi St., Legaspi Village, Makati City",
      "contact": "8843-9220; 8843-9232; 8556 5731 F",
      "email": "embassy.manila@mfa.gov.eg",
      "representative": "H.E. AHMED SHEHABELDIN IBRAHIM ABDULLAH",
      "title": "Ambassador Extraordinary and Plenipotentiary"
    },
    {
      "country": "EUROPEAN UNION",
      "office_name": "Delegation of the European Union to the Philippines",
      "address": "30/F Tower 2, RCBC Plaza, 6819 Ayala Ave. cor. Sen. Gil Puyat Ave., Makati City",
      "contact": "8859-5100; 8859-5109 F",
      "email": "DELEGATION-PHILIPPINES@eeas.europa.eu",
      "website": "eeas.europa.eu/delegations/philippines_en",
      "representative": "H.E. MARIO MASSIMO SANTORO",
      "title": "Head of Delegation"
    },
    {
      "country": "FINLAND",
      "office_name": "Embassy of Finland",
      "address": "The Finance Centre, 27th floor, 26th St. cor. 9th Avenue, Bonifacio Global City, Taguig City",
      "contact": "5328-3000",
      "email": "sanomat.mni@formin.fi",
      "website": "finlandabroad.fi/web/phl/frontpage",
      "representative": "H.E. SAIJA SINIKKA NURMINEN",
      "title": "Ambassador Extraordinary and Plenipotentiary"
    },
    {
      "country": "FRANCE",
      "office_name": "Embassy of the French Republic",
      "address": "21/F, Ayala Triangle Gardens Tower 2, Paseo de Roxas corner Makati Avenue, Makati City",
      "contact": "8857 6900; 8857-6951 F",
      "email": "ambassade.manille-amba@diplomatie.gouv.fr",
      "website": "https://ph.ambafrance.org/",
      "representative": "H.E. MARIE AUDE FRANÇOISE LASSALLE EP. FONTANEL",
      "title": "Ambassador Extraordinary and Plenipotentiary"
    },
    {
      "country": "GERMANY",
      "office_name": "Embassy of the Federal Republic of Germany",
      "address": "25/F Tower 2, RCBC Plaza, 6819 Ayala Ave., Makati City",
      "contact": "8702-3000; 8702-3015 F",
      "email": "info@mani.diplo.de",
      "website": "www.manila.diplo.de",
      "representative": "H.E. ANDREAS MICHAEL PFAFFERNOSCHKE",
      "title": "Ambassador Extraordinary and Plenipotentiary"
    },
    {
      "country": "GREECE",
      "office_name": "Embassy of the Hellenic Republic",
      "address": "Unit 701 SEDCCO 1 Bldg., 120 Rada cor. Legaspi St., Legaspi Village, Makati City",
      "contact": "8817 2931; 8817-4444; 8812 0202 F",
      "email": "gremb.man@mfa.gr",
      "website": "www.mfa.gr/manila",
      "representative": "Η.Ε. IOANNIS PEDIOTIS",
      "title": "Ambassador Extraordinary and Plenipotentiary"
    },
    {
      "country": "HUNGARY",
      "office_name": "Embassy of Hungary",
      "address": "8/F Del Rosario Law Center, 21st Drive cor. 20th Drive, Bonifacio Global City, Taguig City",
      "contact": "8810-9186 TF",
      "email": "mission.mnl@mfa.gov.hu",
      "website": "manila.mfa.gov.hu",
      "representative": "H.E. TITANILLA TÓTH",
      "title": "Ambassador Extraordinary and Plenipotentiary"
    },
    {
      "country": "INDIA",
      "office_name": "Embassy of the Republic of India",
      "address": "2190 Paraiso St., Dasmariñas Village, Makati City",
      "contact": "8843-0101; 8843-0102; 8815-8151 F",
      "email": "amb.manila@mea.gov.in",
      "website": "www.eoimanila.gov.in",
      "representative": "H.E. HARSH KUMAR JAIN",
      "title": "Ambassador Extraordinary and Plenipotentiary"
    },
    {
      "country": "INDONESIA",
      "office_name": "Embassy of the Republic of Indonesia",
      "address": "185 Salcedo Street, Legaspi Village, Makati City",
      "contact": "8892-5061 to 68",
      "email": "unitkom.manila@kemlu.go.id",
      "website": "kemlu.go.id/manila",
      "representative": "H.E. AGUS WIDJOJO",
      "title": "Ambassador Extraordinary and Plenipotentiary"
    },
    {
      "country": "IRAN",
      "office_name": "Embassy of the Islamic Republic of Iran",
      "address": "2224 Paraiso cor. Pasay Road, Dasmariñas Village, Makati City",
      "contact": "8888-4757 to 59; 8840-1879; 8888-4777 F",
      "email": "iranemb.mnl@mfa.gov.ir",
      "website": "manila.mfa.gov.ir/en",
      "representative": "H.E. YOUSEF ESMAEIL ZADEH",
      "title": "Ambassador Extraordinary and Plenipotentiary"
    },
    {
      "country": "IRAQ",
      "office_name": "Embassy of the Republic of Iraq",
      "address": "2209 Paraiso cor. Acacia St., Dasmariñas Village, Makati City",
      "contact": "8843-8880; 8843-3081",
      "email": "manemb@mofa.gov.iq",
      "representative": "vacant",
      "title": "Ambassador Extraordinary and Plenipotentiary"
    },
    {
      "country": "IRELAND",
      "office_name": "Embassy of Ireland",
      "address": "30F Tower 2, RCBC Plaza, 6819 Ayala Ave., Makati City 1200",
      "contact": "8247 5420",
      "email": "manila@dfa.ie",
      "website": "ireland.ie/en/philippines/manila/",
      "representative": "Η.Ε. EMMA HICKEY",
      "title": "Ambassador Extraordinary and Plenipotentiary"
    },
    {
      "country": "ISRAEL",
      "office_name": "Embassy of the State of Israel",
      "address": "10/F Avecshares Center, 1132 University Parkway, Bonifacio North Triangle, Bonifacio Global City, Taguig City",
      "contact": "8883-9500; 8883-9555 F",
      "email": "info@manila.mfa.gov.il",
      "website": "new.embassies.gov.il/philippines/en",
      "representative": "H.E. ILAN SIMON FLUSS",
      "title": "Ambassador Extraordinary and Plenipotentiary"
    },
    {
      "country": "ITALY",
      "office_name": "Embassy of the Republic of Italy",
      "address": "5/F Tower B, One Campus Place McKinley Hill, Taguig City",
      "contact": "8892-4531 to 34; 8812-4322 F",
      "email": "segretaria.manila@esteri.it",
      "website": "ambmanila.esteri.it/en/",
      "representative": "H.E. DAVIDE GIGLIO",
      "title": "Ambassador Extraordinary and Plenipotentiary"
    },
    {
      "country": "JAPAN",
      "office_name": "Embassy of Japan",
      "address": "2627 Roxas Boulevard, Pasay City",
      "contact": "8551-5710; 8551-5781 F",
      "email": "protocol@ma.mofa.go.jp",
      "website": "ph.emb-japan.go.jp/",
      "representative": "H.E. KAZUYA ENDO",
      "title": "Ambassador Extraordinary and Plenipotentiary"
    },
    {
      "country": "KOREA",
      "office_name": "Embassy of the Republic of Korea",
      "address": "122 Upper McKinley Road, McKinley Town Center, Fort Bonifacio, Taguig City",
      "contact": "8856-9210; 8856-9008 F; 8856-9024 F",
      "email": "philippines@mofa.go.kr",
      "website": "overseas.mofa.go.kr/ph-en/index.do",
      "representative": "H.E. SANG-HWA LEE",
      "title": "Ambassador Extraordinary and Plenipotentiary"
    },
    {
      "country": "KUWAIT",
      "office_name": "Embassy of the State of Kuwait",
      "address": "8/F PhilPlans Corporate Center, Kalayaan Avenue and Triangle Drive, Bonifacio Global City, Taguig City",
      "contact": "8556-3860 to 62; 8556-3865 F",
      "email": "manila@mofa.gov.kw; ku-emb@pldtdsl.net",
      "representative": "H.E. MUSAED SALEH A M ALTHWAIKH",
      "title": "Ambassador Extraordinary and Plenipotentiary"
    },
    {
      "country": "LAOS",
      "office_name": "Embassy of the Lao People's Democratic Republic",
      "address": "805 One Global Place, 5th Avenue corner 25th Street, Bonifacio Global City, Taguig City",
      "contact": "8865-6566; 8865-6510 F",
      "email": "laoembassy.ph@mofa.gov.la",
      "website": "http://www.laoembassymanila.gov.la/",
      "representative": "H.E. SONEXAY VANNAXAY",
      "title": "Ambassador Extraordinary and Plenipotentiary"
    },
    {
      "country": "LIBYA",
      "office_name": "Embassy of the State of Libya",
      "address": "2056 Lumbang cor. Caballero St., Dasmariñas Village, Makati City",
      "contact": "8817-7331 to 32; 8817-7337 F",
      "email": "libya_emb_ph@foreign.gov.ly",
      "representative": "vacant",
      "title": "Ambassador Extraordinary and Plenipotentiary"
    },
    {
      "country": "MALAYSIA",
      "office_name": "Embassy of Malaysia",
      "address": "107 Tordesillas St., Salcedo Village, Makati City",
      "contact": "8662-8200; 8662-8201 to 02 F",
      "email": "mwmanila@kln.gov.my",
      "website": "www.kln.gov.my/web/phl_manila/home",
      "representative": "H.E. ABDUL MALIK MELVIN CASTELINO",
      "title": "Ambassador Extraordinary and Plenipotentiary"
    },
    {
      "country": "SOVEREIGN MILITARY ORDER OF MALTA",
      "office_name": "Embassy of the Sovereign Military Order of Malta",
      "address": "1120 R. Hidalgo St., Quiapo, Manila",
      "contact": "8708-0859 to 60; 8637-8116 F",
      "email": "orderofmaltaphilippines@gmail.com",
      "representative": "H.E. LEOPOLDO LAZATIN",
      "title": "Ambassador Extraordinary and Plenipotentiary"
    },
    {
      "country": "MEXICO",
      "office_name": "Embassy of the United Mexican States",
      "address": "2/F GC Corporate Plaza, 150 Legaspi St., Legaspi Village, Makati City",
      "contact": "8812-2211 to 13; 8892-7635 F",
      "email": "embfilipinas@sre.gob.mx",
      "website": "embamex.sre.gob.mx/filipinas/",
      "representative": "H.E. DANIEL HERNANDEZ JOSEPH",
      "title": "Ambassador Extraordinary and Plenipotentiary"
    },
    {
      "country": "MOROCCO",
      "office_name": "Embassy of the Kingdom of Morocco",
      "address": "17/F Marajo Tower, 26th St. cor. 4th Ave., Bonifacio Global City, Taguig City",
      "contact": "8550-1333; 8550-1444; 8550-1555 F",
      "email": "embassyofmorocco.mnl@gmail.com",
      "representative": "H. E. MOHAMMED RIDA EL FASSI",
      "title": "Ambassador Extraordinary and Plenipotentiary"
    },
    {
      "country": "MYANMAR",
      "office_name": "Embassy of the Republic of the Union of Myanmar",
      "address": "8/F Gervasia Corporate Centre, 152 Amorsolo St., Legaspi Village, Makati City",
      "contact": "8893-1944; 8892-8866 F",
      "email": "me.manila@gmail.com",
      "website": "www.me.manila.org",
      "representative": "MR. SAN YU KYAW",
      "title": "Chargé d' Affaires, a.i."
    },
    {
      "country": "NETHERLANDS",
      "office_name": "Embassy of the Kingdom of the Netherlands",
      "address": "26/F BDO Equitable Tower, Paseo de Roxas, Makati City",
      "contact": "8786-6666",
      "email": "man@minbuza.nl",
      "website": "www.netherlandsandyou.nl/web/philippines",
      "representative": "H.E. MARIA ALFONSA MAGDALENA GERAEDTS",
      "title": "Ambassador Extraordinary and Plenipotentiary"
    },
    {
      "country": "NEW ZEALAND",
      "office_name": "New Zealand Embassy",
      "address": "35/F Zuellig Bldg., Makati Ave. cor. Paseo de Roxas, Makati City",
      "contact": "8234-3800 TL; 8891-5357 F",
      "email": "nzemmanila@mfat.govt.nz",
      "website": "www.mfat.govt.nz/philippines",
      "representative": "H.E. CATHERINE ROSEMARY MCINTOSH",
      "title": "Ambassador Extraordinary and Plenipotentiary"
    },
    {
      "country": "NIGERIA",
      "office_name": "Embassy of the Federal Republic of Nigeria",
      "address": "2211 Paraiso St., Dasmariñas Village, Makati City",
      "contact": "8843-9866; 8843-9868",
      "email": "manilanigeria@gmail.com",
      "website": "www.nigeria-manila.org",
      "representative": "vacant",
      "title": null
    },
    {
      "country": "NORWAY",
      "office_name": "Royal Norwegian Embassy",
      "address": "12/F Del Rosario Law Center, 21st Drive cor. 20th Drive, Bonifacio Global City, Taguig City",
      "contact": "5317-2700; 5317-2799 F",
      "email": "emb.manila@mfa.no",
      "website": "www.norway.no/philippines",
      "representative": "H.E. CHRISTIAN HALAAS LYSTER",
      "title": "Ambassador Extraordinary and Plenipotentiary"
    },
    {
      "country": "OMAN",
      "office_name": "Embassy of the Sultanate of Oman",
      "address": "26/F NAC Tower Bldg., 32nd St., Bonifacio Global City, Taguig City",
      "contact": "7958-5812 to 14; 7958-5816 F",
      "email": "manila@fm.gov.om",
      "representative": "H.E. NASSER SAID ABDULLAH AL MANWARI",
      "title": "Ambassador Extraordinary and Plenipotentiary"
    },
    {
      "country": "PAKISTAN",
      "office_name": "Embassy of the Islamic Republic of Pakistan",
      "address": "6/F Alexander House, 132 Amorsolo St., Legaspi Village, Makati City",
      "contact": "8817-2772; 8817-2776; 8840-0229 F",
      "email": "cons.manila@mofa.gov.ph",
      "website": "www.pakembmanila.org",
      "representative": "H. E. IMTIAZ AHMAD KAZI",
      "title": "Ambassador Extraordinary and Plenipotentiary"
    },
    {
      "country": "PALAU",
      "office_name": "Embassy of the Republic of Palau",
      "address": "10/F, Unit 10-D PDCP Bank Centre, V.A. Rufino St. cor. Leviste St., Salcedo Village, Makati City",
      "contact": "8522-2849; 8521-0402 F",
      "email": "ropembassy_pi@pldtdsl.net",
      "representative": "MR. KEITH RICHARD SUGIYAMA",
      "title": "Chargé d' Affaires, a.i."
    },
    {
      "country": "PALESTINE",
      "office_name": "Embassy of the State of Palestine",
      "address": "Unit 22-D, Chatham House Condomimium, 116 Valero corner Rufino Streets, Salcedo Village, Makati City",
      "contact": "8551-9094",
      "email": "palestinemanila@gmail.com",
      "representative": "vacant",
      "title": null
    },
    {
      "country": "PANAMA",
      "office_name": "Embassy of the Republic of Panama",
      "address": "Units 1702-1703 Panorama Tower, 34th Street corner Lane A, Bonifacio Global City, Taguig City",
      "contact": "8478-6945; 8478-6532 F",
      "email": "panamaph@gmail.com",
      "representative": "MS. XENIA MARIEL PARDO",
      "title": "Chargé d' Affaires, a.i."
    },
    {
      "country": "PAPUA NEW GUINEA",
      "office_name": "Embassy of the Independent State of Papua New Guinea",
      "address": "3/F Corinthian Plaza Bldg., Paseo de Roxas cor. Gamboa St., Legaspi Village, Makati City",
      "contact": "8811-3465; 8811-3466; 8811-3468 F",
      "email": "kundumnl@pngembmnl.com.ph",
      "representative": "vacant",
      "title": null
    },
    {
      "country": "POLAND",
      "office_name": "Embassy of the Republic of Poland",
      "address": "9/F Del Rosario Law Center, 21st Drive corner 20th Drive, Bonifacio Global City, Taguig",
      "contact": "5318-2700; 5318-2715 F",
      "email": "manila.amb.sekretariat@msz.gov.pl",
      "website": "www.gov.pl/web/philippines",
      "representative": "MS. ANNA KRZAK-DANEL",
      "title": "Chargé d'Affaires, a.i."
    },
    {
      "country": "QATAR",
      "office_name": "Embassy of the State of Qatar",
      "address": "No. 32 McKinley Road, North Forbes Park, Brgy. Forbes Park, Makati City",
      "contact": "8851-6666 TL; 8851-2341; 8852-1999 F",
      "email": "manila@mofa.gov.qa",
      "website": "manila.embassy.qa",
      "representative": "H.E. AHMED BIN SAAD N. A. AL-HUMAIDI",
      "title": "Ambassador Extraordinary and Plenipotentiary"
    },
    {
      "country": "ROMANIA",
      "office_name": "Embassy of Romania",
      "address": "6/F GC Corporate Plaza, 150 Legaspi St., Legaspi Village, Makati City",
      "contact": "8831-0784; 8892-7682; 8843-9063 F",
      "email": "manila.consul@mae.ro",
      "website": "https://manila.mae.ro/en",
      "representative": "H.E. RĂDUŢA DANA MATACHE",
      "title": "Ambassador Extraordinary and Plenipotentiary"
    },
    {
      "country": "RUSSIAN FEDERATION",
      "office_name": "Embassy of the Russian Federation",
      "address": "1245 Acacia Rd., Dasmariñas Village, Makati City",
      "contact": "8817-5406; 8810-9614 F",
      "email": "rusembassy.manila@mid.ru",
      "website": "philippines.mid.ru",
      "representative": "H.E. MARAT IGNATYEVICH PAVLOV",
      "title": "Ambassador Extraordinary and Plenipotentiary"
    },
    {
      "country": "SAUDI ARABIA",
      "office_name": "Royal Embassy of Saudi Arabia",
      "address": "128 H.V. Dela Costa St., Salcedo Village, Makati City",
      "contact": "8856-4444 TL; 8856-5366 F",
      "email": "phemb@mofa.gov.sa",
      "website": "embassies.mofa.gov.sa/sites/Philippines/EN/Pages/default.aspx",
      "representative": "H.E. HISHAM S.A. AL QAHTANI",
      "title": "Ambassador Extraordinary and Plenipotentiary"
    },
    {
      "country": "SINGAPORE",
      "office_name": "Embassy of the Republic of Singapore",
      "address": "505 Rizal Drive, Bonifacio Global City, Taguig City",
      "contact": "8856-9922; 8856-9932 F",
      "email": "singemb_mnl@mfa.sg",
      "website": "www.mfa.gov.sg/manila",
      "representative": "H.E. CONSTANCE SEE SIN YUAN",
      "title": "Ambassador Extraordinary and Plenipotentiary"
    },
    {
      "country": "SLOVENIA",
      "office_name": "Embassy of the Republic of Slovenia",
      "address": "18/F Tower II, RCBC Plaza, 6819 Ayala Avenue, Makati City",
      "email": "sloembassy.manila@gov.si",
      "website": "www.gov.si/en/countries/philippines/representations/",
      "representative": "MR. DRAGAN BARBUTOVSKI",
      "title": "Chargé d'Affaires, a.i."
    },
    {
      "country": "SOUTH AFRICA",
      "office_name": "Embassy of the Republic of South Africa",
      "address": "29/F Yuchengco Tower, RCBC Plaza, 6819 Ayala Ave., Makati City",
      "contact": "8889-9587; 8889-9337 F",
      "email": "manila.dha@dirco.gov.za",
      "website": "dircol.azurewebsites.net/manila/",
      "representative": "H.E. BARTINAH NTOMBIZODWA RADEBE-NETSHITENZHE",
      "title": "Ambassador Extraordinary and Plenipotentiary"
    },
    {
      "country": "SPAIN",
      "office_name": "Embassy of Spain",
      "address": "27/F BDO Equitable Tower, 8751 Paseo de Roxas, Makati City",
      "contact": "8817-6676; 8817-9997; 8817-4892 F",
      "email": "emb.manila@maec.es",
      "website": "www.exteriores.gob.es/Embajadas/MANILA",
      "representative": "H.E. MIGUEL UTRAY DELGADO",
      "title": "Ambassador Extraordinary and Plenipotentiary"
    },
    {
      "country": "SRI LANKA",
      "office_name": "Embassy of the Democratic Socialist Republic of Sri Lanka",
      "address": "7/F G.C. Corporate Plaza Building, No. 150 Legaspi Street, Legaspi Village, Makati City",
      "contact": "8812-0124; 8812-0125; 8812-0126 F",
      "email": "slemb.manila@mfa.gov.lk",
      "representative": "H.E. CHANAKA HARSHA TALPAHEWA",
      "title": "Ambassador Extraordinary and Plenipotentiary"
    },
    {
      "country": "SWEDEN",
      "office_name": "Embassy of Sweden",
      "address": "11/F Del Rosario Law Center, 21st Drive cor. 20th Drive, Bonifacio Global City, Taguig City",
      "contact": "8811-7900; 8811-7940 F",
      "email": "ambassaden.manila@gov.se",
      "website": "www.swedenabroad.com/Manila",
      "representative": "vacant",
      "title": "Charge d'Affaires"
    },
    {
      "country": "SWITZERLAND",
      "office_name": "Embassy of the Swiss Confederation",
      "address": "24/F BDO Equitable Tower, 8751 Paseo de Roxas, Makati City",
      "contact": "8845-4545; 8845-4538 F",
      "email": "manila@eda.admin.ch",
      "website": "www.eda.admin.ch/manila",
      "representative": "H.E. NICOLAS BRÜHL",
      "title": "Ambassador Extraordinary and Plenipotentiary"
    },
    {
      "country": "THAILAND",
      "office_name": "The Royal Thai Embassy",
      "address": "107 Thailand (Rada) St., Legaspi Village, Makati City",
      "contact": "8815-4219 to 20; 8817-4262 F",
      "email": "thaiembassy.mnl@mfa.go.th",
      "website": "www.thaiembassymnl.ph",
      "representative": "H.E. TULL TRAISORAT",
      "title": "Ambassador Extraordinary and Plenipotentiary"
    },
    {
      "country": "TIMOR-LESTE",
      "office_name": "Embassy of the Democratic Republic of Timor Leste",
      "address": "The Discovery Centre, 26/F, Unit 2601, 25 ADB Ave., Ortigas Centre, Pasig City",
      "contact": "8638-0651; 8637-9408 F",
      "email": "timorlesteembassyinmanila@gmail.com",
      "representative": "H.E. MARCIANO OCTAVIO GARCIA DA SILVA",
      "title": "Ambassador Extraordinary and Plenipotentiary"
    },
    {
      "country": "TÜRKIYE",
      "office_name": "Embassy of the Republic of Türkiye",
      "address": "2268 Paraiso St., Dasmariñas Village, Makati City",
      "contact": "8843-9705; 8843-9707; 8843-9702 F",
      "email": "embassy.manila@mfa.gov.tr",
      "representative": "H.E. NIYAZI EVREN AKYOL",
      "title": "Ambassador Extraordinary and Plenipotentiary"
    },
    {
      "country": "UNITED ARAB EMIRATES",
      "office_name": "Embassy of the United Arab Emirates",
      "address": "16/F Commerce and Industry Plaza Bldg., 1030 Campus cor. Park Avenues, McKinley Town Center, Fort Bonifacio, Taguig City",
      "contact": "8822-3777; 8822-4777; 8555-1843 F",
      "email": "manilaEMB@mofaic.gov.ae",
      "website": "https://www.mofa.gov.ae/en/missions/manila",
      "representative": "H.E. MOHAMMAD OBAID SALEM ALQATAAM ALZAABI",
      "title": "Ambassador Extraordinary and Plenipotentiary"
    },
    {
      "country": "UNITED KINGDOM OF GREAT BRITAIN AND NORTHERN IRELAND",
      "office_name": "Embassy of the United Kingdom of Great Britain and Northern Ireland",
      "address": "120 Upper McKinley Road, McKinley Hill, Taguig City",
      "contact": "8858-2200 TL; 8858-2371 F",
      "email": "Manila.Protocol@fcdo.gov.uk",
      "website": "https://www.gov.uk/government/world/organisations/british-embassy-manila",
      "representative": "H.E. LAURE NICOLE STEPHANIE BEAUFILS",
      "title": "Ambassador Extraordinary and Plenipotentiary"
    },
    {
      "country": "UNITED STATES OF AMERICA",
      "office_name": "Embassy of the United States of America",
      "address": "1201 Roxas Boulevard, Manila",
      "contact": "5301-2000; 5301-2399 F",
      "website": "ph.usembassy.gov/",
      "representative": "H.E. MARYKAY LOSS CARLSON",
      "title": "Ambassador Extraordinary and Plenipotentiary"
    },
    {
      "country": "VENEZUELA",
      "office_name": "Embassy of the Bolivarian Republic of Venezuela",
      "address": "Unit 17-A, 17/F Multinational Bancorporation Center, 6805 Ayala Ave., Makati City",
      "contact": "8845-2841; 8845-2842",
      "email": "venezemb@info.com.ph",
      "website": "filipinas.embajada.gob.ve/",
      "representative": "MR. RICHARD ESPINOZA-LOBO",
      "title": "Chargé d'Affaires, a.i."
    },
    {
      "country": "VIETNAM",
      "office_name": "Embassy of the Socialist Republic of Viet Nam",
      "address": "670 Pablo Ocampo St., Malate, Manila",
      "contact": "8521-6843; 8526-0472 F",
      "email": "vnembph@mofa.gov.vn",
      "website": "vietnamembassy-philippines.org/en/",
      "representative": "H.E. LAI THAI BINH",
      "title": "Ambassador Extraordinary and Plenipotentiary"
    }
  ],
  "Consulate": [
    {
      "country": "ALBANIA",
      "office_name": "Consulate of the Republic of Albania",
      "address": "1143 Pasong Tamo Street, San Antonio Village, Makati City, 1231",
      "contact": "8899-5758; 8899-5533; 8897-0592 TF",
      "email": "vicechairman@benedictosteel.com; bbenedicto@outlook.com",
      "representative": "MR. BERNARDO T. BENEDICTO III",
      "title": "Consul ad honorem (a.h.)"
    },
    {
      "country": "ANGOLA",
      "office_name": "Consulate of the Republic of Angola",
      "address": "10 24th St., East Bajac Bajac, Olongapo City, Zambales",
      "contact": "8848-6112; 8848-6113",
      "email": "angolaconsulate@gmail.com",
      "representative": "Mrs. HELEN M. ONG",
      "title": "Consul a.h."
    },
    {
      "country": "ARMENIA",
      "office_name": "Consulate of the Republic of Armenia",
      "address": "3/F The Athenaeum Bldg., 160 L.P. Leviste St., Salcedo Village, 1227 Makati City",
      "contact": "8817-9919",
      "email": "consul@armeniaph.com",
      "representative": "MR. JOSE M. PERIQUET, JR.",
      "title": "Consul a.h."
    },
    {
      "country": "AUSTRIA",
      "office_name": "Consulate of the Republic of Austria (Cebu)",
      "address": "CRM Bldg., Escario cor. Molave Sts., Cebu City",
      "contact": "(032) 231-0605; 412-2436; 231-0437 (F)",
      "email": "austrianconsulatecebu@bluewater.com.ph",
      "representative": "MS. JULIE ALEGRADO VERGARA",
      "title": "Consul a.h."
    },
    {
      "country": "AUSTRIA",
      "office_name": "Consulate of the Republic of Austria (Davao)",
      "address": "Austrian Honorary Consulate Mindanao & Sulu, J. Saavedra Street, Bangoy Compound Toril, Davao City 8000",
      "contact": "(082) 321-8976",
      "email": "consulatedavao@gmail.com",
      "representative": "MR. PETER FAISTAUER",
      "title": "Consul a.h."
    },
    {
      "country": "AZERBAIJAN",
      "office_name": "Consulate of Azerbaijan",
      "address": "Unit 203, The Asia Tower, 151 Benavidez St. cor. Paseo De Roxas, Legaspi Village, Makati City",
      "contact": "8491-7657",
      "email": "executiveassistant@faenero.com",
      "representative": "MR. JOSE P. DE VENECIA III",
      "title": "Consul a.h."
    },
    {
      "country": "BANGLADESH",
      "office_name": "Consulate of the People's Republic of Bangladesh (Davao)",
      "address": "JIB IMS, Simeon De Jesus St., Davao City",
      "contact": "(082) 305-8833",
      "email": "bdconsulate.mindanao@gmail.com",
      "representative": "MS. PURITA ARSENIA ILAGAN BIAN",
      "title": "Consul General a.h."
    },
    {
      "country": "BANGLADESH",
      "office_name": "Consulate of the People's Republic of Bangladesh (Cebu)",
      "address": "Room 205, Advent Business Center, Acacia St., Barangay Camputhaw, Cebu City",
      "contact": "(032) 260-7304",
      "email": "bdconsulate.cebu@gmail.com",
      "representative": "MR. VIRGILIO BRIGIDO G. ESPELETA",
      "title": "Consul General a.h."
    },
    {
      "country": "BELARUS",
      "office_name": "Consulate of the Republic of Belarus",
      "address": "10/F Harvester Corporate Center, 158 P. Tuazon blvd., Cubao, Quezon City",
      "contact": "8421-4302",
      "email": "bela.consul@gmail.com",
      "representative": "Mrs. ΑΝΝΑ MARIE ABLAN",
      "title": "Consul a.h."
    },
    {
      "country": "BELARUS",
      "office_name": "Consulate of the Republic of Belarus (Davao)",
      "address": "47 Zinnia Avenue, Ladislawa Garden Village, Buhangin, Davao City",
      "email": "ifbegonia69@gmail.com; milagrosoonghow@yahoo.com",
      "representative": "MS. MILAGROS ONG HOW",
      "title": "Consul a.h."
    },
    {
      "country": "BELGIUM",
      "office_name": "Royal Belgian Consulate (Cebu)",
      "address": "Doña Emilia Benedicto Bldg., 7 E. Benedicto St., Cebu City",
      "contact": "(032) 255-3200; 255-8200",
      "email": "belgiumconsulatecebu@yahoo.com",
      "representative": "MR. ENRISON T. BENEDICTO",
      "title": "Consul a.h."
    },
    {
      "country": "BELGIUM",
      "office_name": "Royal Belgian Consulate (Davao)",
      "address": "2/F Ecomed Center Amya Bldg., Quimpo Blvd. cor Tulip Drive Matina, 8000 Davao City",
      "email": "belgianconsulatedavao@gmail.com",
      "representative": "MR. LEONILO G. CLAUDIO",
      "title": "Consul a.h."
    },
    {
      "country": "BHUTAN",
      "office_name": "Consulate of the Kingdom of Bhutan",
      "address": "Level 3B 111 Paseo de Roxas Building, Paseo de Roxas corner Legaspi Streets, Legazpi Village, Makati City",
      "contact": "7759-4327 ext. 204; 7759-4369 F",
      "email": "vince.perez@nextpartners.com",
      "representative": "MR. VICENTE S. PEREZ JR.",
      "title": "Consul a.h."
    },
    {
      "country": "BOTSWANA",
      "office_name": "Consulate of the Republic of Botswana",
      "address": "Unit 202 First Global Bldg., 122 Gamboa St., Legaspi Village, Makati City",
      "contact": "8834-3420; 8882-9999 loc. 104",
      "email": "pjc@gsat@gmail.com",
      "representative": "MR. PHILIP J. CHIEN",
      "title": "Consul a.h."
    },
    {
      "country": "BURKINA FASO",
      "office_name": "Consulate of Burkina Faso",
      "address": "Unit 31-D Marina Square Suites Condominium, M.H. Del Pilar cor. Pedro Gil St., Malate, Manila",
      "email": "robertcgo@yahoo.com",
      "representative": "MR. ROBERT C. GOYUTAY",
      "title": "Consul a.h."
    },
    {
      "country": "CANADA",
      "office_name": "Consulate of Canada (Cebu)",
      "address": "RD Corporate Center, 96 Governor M.C. Cuenco Ave., Banilad, Cebu City",
      "email": "cebu@international.gc.ca",
      "representative": "MS. KATHERINE LYNNE GOSHULAK RIVERA",
      "title": "Consul a.h."
    },
    {
      "country": "CHINA",
      "office_name": "Consulate of the People's Republic of China (Cebu)",
      "address": "7/F Mandarin Plaza Hotel, Archbishop Reyes Ave. cor. Escario St., Cebu City",
      "contact": "(032) 505-1035; 505-1038 F",
      "representative": "MR. ZHANG ZHEN",
      "title": "Consul General"
    },
    {
      "country": "CHINA",
      "office_name": "Consulate of the People's Republic of China (Davao)",
      "address": "Acacia St., Juna Subdivision, Davao City",
      "contact": "(082) 224-8786",
      "representative": "MR. ZHAO XIUZHEN",
      "title": "Consul General"
    },
    {
      "country": "CHINA",
      "office_name": "Consulate of the People's Republic of China (Laoag)",
      "address": "216 National Highway, Brgy. 1, San Francisco, San Nicolas, Ilocos Norte",
      "contact": "(077) 670-6355; 670-6338",
      "representative": "MR. REN FAQIANG",
      "title": "Consul and Head of Post"
    },
    {
      "country": "COSTA RICA",
      "office_name": "Consulate General of the Republic of Costa Rica",
      "address": "19/F Smith Bell Building Lot 7, 20th Drive, Fort Bonifacio Global City, Taguig City",
      "contact": "8816-7851 to 58; 8818-6740",
      "email": "preysler@smithbell.com.ph",
      "representative": "MR. FAUSTO R. PREYSLER JR.",
      "title": "Consul a.h."
    },
    {
      "country": "COTE D' IVOIRE",
      "office_name": "Consulate of the Republic of Cote d' Ivoire",
      "address": "Unit 3D, 3/F LTA Bldg., 118 Perea St., Legaspi Village, Makati City",
      "contact": "8812-7344; 8812-7343",
      "email": "vincecarlos@gmail.com; dax_carlos@yahoo.com",
      "representative": "MR. VICENTE J. CARLOS",
      "title": "Consul General a.h."
    },
    {
      "country": "COTE D' IVOIRE",
      "office_name": "Consulate of the Republic of Cote d' Ivoire",
      "address": "Unit 3D, 3/F LTA Bldg., 118 Perea St., Legaspi Village, Makati City",
      "contact": "8812-7344; 8812-7343",
      "email": "vincecarlos@gmail.com; dax_carlos@yahoo.com",
      "representative": "MR. J. ANTONIO T. CARLOS",
      "title": "Vice Consul a.h."
    },
    {
      "country": "CROATIA",
      "office_name": "Consulate of the Republic of Croatia (Manila)",
      "address": "399 Sen. Gil J. Puyat Avenues, Makati City",
      "contact": "8895-2709; 8890-9831 (F)",
      "representative": "MR. EDGARDO P. REYES",
      "title": "Consul a.h."
    },
    {
      "country": "CROATIA",
      "office_name": "Consulate of the Republic of Croatia (Cebu)",
      "address": "The Globe Tower, Samar Loop cor. Panay Road, Cebu Business Park, Cebu City",
      "email": "croatianconsulate.cebu@gmail.com",
      "representative": "MR. FRANCIS AUGUST L. WEE",
      "title": "Consul a.h."
    },
    {
      "country": "CYPRUS",
      "office_name": "Consulate of the Republic of Cyprus",
      "address": "79 San Gregorio St. Magallanes Village Makati 1230",
      "contact": "8521 9994",
      "email": "cyprusconsulatephilippines@gmail.com",
      "representative": "MR. HERMIE PHILIPSON U. CHUA",
      "title": "Consul a.h."
    },
    {
      "country": "CZECH REPUBLIC",
      "office_name": "Consulate of the Czech Republic (Davao)",
      "address": "5/F Mintrade Center, Monteverde St. cor. Sales St., Davao City",
      "contact": "(082) 226-8888; 234-9999 F",
      "email": "czconsulate@gmail.com",
      "representative": "MR. GUILBERT C. GO",
      "title": "Consul a.h."
    },
    {
      "country": "CZECH REPUBLIC",
      "office_name": "Consulate of the Czech Republic (Cebu)",
      "address": "11 Floor Apple One Equicom Tower, Mindanao Ave. cor, Biliran Road, Cebu Business Park, 6000 Cebu City",
      "email": "Cebu.Honorary@mzv.gov.cz",
      "representative": "MR. JOHN MARK SYCIP FRONDOSO",
      "title": "Consul a.h."
    },
    {
      "country": "DENMARK",
      "office_name": "Royal Danish Consulate (Cebu)",
      "address": "Unit 1204 Insular Life Cebu Business Centre, Mindanao Ave. cor. Biliran Road, Cebu Business Park, Cebu City",
      "contact": "(032) 266-5930; 266-5932 F",
      "email": "marflo@umgate.dk; rossor@umgate.dk",
      "representative": "MR. PERRY L. PE",
      "title": "Consul General a.h."
    },
    {
      "country": "DENMARK",
      "office_name": "Royal Danish Consulate (Palawan)",
      "address": "Ground Floor, 38 San Miguel Bldg., San Juan St., Brgy. San Miguel, Puerto Princesa City, Palawan",
      "contact": "(048) 726 1748",
      "email": "carmoe@umgate.dk; hazpas@umgate.dk",
      "representative": "MR. CARL CHRISTIAN EYDE PENTZ MOELLER",
      "title": "Consul a.h."
    },
    {
      "country": "DOMINICAN REPUBLIC",
      "office_name": "Consulate of the Dominican Republic",
      "address": "37 Banaba Road, South Forbes Park, Makati City",
      "contact": "8810-6548; 8236-4875",
      "email": "consudom_mm@yahoo.com",
      "representative": "MR. GEORGE LITTON JR.",
      "title": "Consul a.h."
    },
    {
      "country": "DOMINICAN REPUBLIC",
      "office_name": "Consulate of the Dominican Republic",
      "address": "37 Banaba Road, South Forbes Park, Makati City",
      "contact": "8810-6548; 8236-4875",
      "email": "consudom_mm@yahoo.com",
      "representative": "MS. MARIA JOSEFINA O. DUARTE",
      "title": "Consul a.h."
    },
    {
      "country": "EL SALVADOR",
      "office_name": "Consulate of the Republic of El Salvador",
      "address": "10/F Ortigas Bldg., Ortigas Ave., Pasig City",
      "contact": "8631-1231 to 38; 8631-2761",
      "email": "elsalvador@ortigas.com.ph",
      "representative": "MR. GEORGE T. YANG",
      "title": "Consul General a.h."
    },
    {
      "country": "EL SALVADOR",
      "office_name": "Consulate of the Republic of El Salvador",
      "address": "10/F Ortigas Bldg., Ortigas Ave., Pasig City",
      "contact": "8631-1231 to 38; 8631-2761",
      "email": "elsalvador@ortigas.com.ph",
      "representative": "MR. RICHMOND S. YANG",
      "title": "Consul a.h."
    },
    {
      "country": "ERITREA",
      "office_name": "Consulate of the State of Eritrea (Manila)",
      "address": "5/F F & M Lopez II Bldg., 109 Carlos Palanca St., Legaspi Village, Makati",
      "contact": "8817-8888",
      "email": "george.yang@ph.mcd.com",
      "representative": "MR. FERNANDO MARTIN O. PEÑA",
      "title": "Consul General a.h."
    },
    {
      "country": "ESTONIA",
      "office_name": "Consulate General of the Republic of Estonia (Manila)",
      "address": "6/F CTC Building, 2232 Roxas Boulevard, Pasay City",
      "contact": "8832-3018; 8551-3021; 8832 2760 F",
      "email": "jnpena.consulate@gmail.com",
      "representative": "MR. FEDERICO BORROMEO JR.",
      "title": "Consul a.h."
    },
    {
      "country": "ETHIOPIA",
      "office_name": "Consulate of the Federal Democratic Republic of Ethiopia",
      "address": "Suite 2002, Tycoon Center, Pearl Drive, Ortigas Center, Brgy. San Antonio, Pasig City",
      "contact": "8638-7331",
      "email": "ethiopiaconsulgen@gmail.com",
      "representative": "MR. JESUS M. PINEDA JR.",
      "title": "Consul a.h."
    },
    {
      "country": "FIJI",
      "office_name": "Consulate of Fiji",
      "address": "Executive Offices, JMP Bldg., Jose Cruz St., Brgy. Ugong, Pasig City",
      "contact": "8962-5835",
      "email": "executiveassist.fcsi@gmail.com",
      "representative": "MR. ANTONIO S. PERALTA",
      "title": "Consul a.h."
    },
    {
      "country": "FINLAND",
      "office_name": "Consulate of Finland (Davao)",
      "address": "604 Aguho St., Juna Subd., Matina, Davao City 8000",
      "email": "hcfinmindanao@gmail.com",
      "representative": "MR. JOSE FRANCO B. SOBERANO",
      "title": "Consul a.h."
    },
    {
      "country": "FINLAND",
      "office_name": "Consulate of Finland (Cebu)",
      "address": "19F Park Centrale Building, Cebu IT Park",
      "email": "franco@cebulandmasters.com",
      "representative": "MR. MICHAEL LHUILLIER",
      "title": "Consul a.h."
    },
    {
      "country": "FRANCE",
      "office_name": "Consulate of the Republic of France",
      "address": "M. Lhuillier Building, B. Benedictos Street, North Reclamation Area, Cebu City",
      "contact": "(032) 380-3000",
      "email": "fr.honoraryconsul.ceb@mlhuillier.com",
      "representative": "MR. EDUARDO L. DE GUZMAN",
      "title": "Consul a.h."
    },
    {
      "country": "GABON",
      "office_name": "Consulate of the Gabonese Republic",
      "address": "2/F Sky Freight Bldg., Sky Freight Center, Ninoy Aquino Avenue, Parañaque City",
      "contact": "8854-5682; 8852-1888",
      "email": "ELGuzman@skyfreight.com.ph",
      "representative": "MS. MARIA AGNES T. HUIBONHOA",
      "title": "Consul a.h."
    },
    {
      "country": "GAMBIA",
      "office_name": "Consulate of the Islamic Republic of Gambia",
      "address": "1202 Tower A, Ritz Tower, 5745 Ayala Ave., Makati City",
      "contact": "8815-3375; 8817-1968; 8815-3639; 8817-5691",
      "email": "agneshuibonhoa@yahoo.com",
      "representative": "MS. CAROLINE MARIE QUINTO LISING",
      "title": "Consul a.h."
    },
    {
      "country": "GEORGIA",
      "office_name": "Consulate of the Republic of Georgia",
      "address": "UPL Building, Sta. Clara Steet, Intramuros Manila",
      "contact": "8527-7491",
      "email": "honoraryconsulate@georgia.ph",
      "representative": "MR. FRANZ GERHARD SEIDENSCHWARZ",
      "title": "Consul a.h."
    },
    {
      "country": "GERMANY",
      "office_name": "Consulate of the Federal Republic of Germany (Cebu)",
      "address": "Twin Garden Hotel, A.S. Fortuna St. cor. Banilad Road, Cebu City",
      "email": "cebu@hk-diplo.de",
      "representative": "MS. BETTY L. ANG",
      "title": "Consul a.h."
    },
    {
      "country": "GHANA",
      "office_name": "Consulate of the Republic of Ghana",
      "address": "259 CLMC Building, EDSA Greenhills, Mandaluyong City, Mandaluyong. Philippines",
      "contact": "8994-8558",
      "email": "ghanainmanila@gmail.com",
      "representative": "MS. AMELIA R. ABLAZA",
      "title": "Consul a.h."
    },
    {
      "country": "GUATEMALA",
      "office_name": "Consulate of the Republic of Guatemala",
      "address": "5/F Ablaza Bldg., 117 E. Rodriguez Sr. Ave., Quezon City",
      "contact": "8355-3066",
      "email": "guatemalaconsulph@yahoo.com",
      "representative": "MR. MARC THOMAS R. ABLAZA",
      "title": "Vice Consul a.h."
    },
    {
      "country": "GUINEA",
      "office_name": "Consulate of the Republic of Guinea",
      "address": "G/FP & L II Condominium, 5598 Pres. Osmeña Highway cor. Arellano Ave., Palanan, Makati City",
      "contact": "8832-0464; 8556-6336",
      "email": "consulofguinea@yahoo.com",
      "representative": "MS. MARINELLA R. GONZALES",
      "title": "Consul a.h."
    },
    {
      "country": "GUYANA",
      "office_name": "Consulate of the Republic of Guyana",
      "address": "6-C-1, Israel Street, Tivoli Royale, Batasan Hills, Quezon City",
      "contact": "8236-4517",
      "email": "guyanaconsulate.ph@gmail.com",
      "website": "https://guyanaconsulatemanila.org/",
      "representative": "MR. JOSEPH GABRIEL D'OLIVEIRA",
      "title": "Consul a.h."
    },
    {
      "country": "HAITI",
      "office_name": "Consulate of the Republic of Haiti",
      "address": "Alabang 25, Don Manolo Blvd., Alabang Hills Village, Alabang, Muntinlupa",
      "contact": "8809-2283; 8842-5190",
      "email": "haitiembassymla@yahoo.com",
      "representative": "MR. GEORGE S. SCHULZE SR.",
      "title": "Consul a.h."
    },
    {
      "country": "HONDURAS",
      "office_name": "Consulate of the Republic of Honduras",
      "address": "Suite 19-A Strata 2000 Bldg., 12 Garnet Road, Ortigas Center, Pasig City",
      "contact": "8634-5708; 8634-5709; 8636-1062",
      "email": "r_zosa@pldtdsl.net",
      "representative": "MR. ROLANDO M. ZOSA",
      "title": "Consul a.h."
    },
    {
      "country": "HUNGARY",
      "office_name": "Consulate General of Hungary (Angeles)",
      "address": "Block 31 Lot 10 Carol Street, Xevera Subdivision, Barangay Tabun, Mabalacat City, Pampanga",
      "contact": "8811-5519 loc. 303",
      "email": "aenriquez@argosyinvestments.com",
      "representative": "MR. ALFONSO S. YUCHENGCO III",
      "title": "Consul General a.h."
    },
    {
      "country": "HUNGARY",
      "office_name": "Consulate of the Republic of Hungary (Cebu)",
      "address": "Doña Emilia Benedicto Building, 7E Benedicto St., Cebu City",
      "contact": "(032) 255-3200",
      "email": "hungary.consulate.cebu@gmail.com",
      "representative": "MS. ENRILEN JOY BENEDICTO-TAN",
      "title": "Consul a.h."
    },
    {
      "country": "HUNGARY",
      "office_name": "Consulate of Hungary (Davao)",
      "address": "Cor. Davao-Basilan Streets., Insular Village, Phase 2, Lanang, Davao City, 8000",
      "email": "hungary.davao@gmail.com",
      "representative": "MS. MARY ANN MONTEMAYOR",
      "title": "Consul a.h."
    },
    {
      "country": "ICELAND",
      "office_name": "Consulate General of Iceland",
      "address": "17/F L.V. Locsin Bldg., 6572 Ayala Ave. cor. Makati Ave., Makati City",
      "contact": "8556-0998",
      "email": "elizabeth.sy@icelandconsulate.ph; eric.uy@icelandconsulate.ph",
      "representative": "MS. ELIZABETH T. SY",
      "title": "Consul General a.h."
    },
    {
      "country": "ICELAND",
      "office_name": "Consulate General of Iceland",
      "address": "17/F L.V. Locsin Bldg., 6572 Ayala Ave. cor. Makati Ave., Makati City",
      "contact": "8556-0998",
      "email": "elizabeth.sy@icelandconsulate.ph; eric.uy@icelandconsulate.ph",
      "representative": "MR. ERIC S. UY",
      "title": "Vice Consul a.h."
    },
    {
      "country": "INDONESIA",
      "office_name": "Consulate General of the Republic of Indonesia",
      "address": "Ecoland Drive, Ecoland Subdivision, Matina, Davao City",
      "contact": "(082) 299-2930 to 34; 297-3462; 297-0139",
      "website": "www.kemlu.go.id/davaocity",
      "representative": "MR. AGUS TRENGGONO",
      "title": "Consul General"
    },
    {
      "country": "ISRAEL",
      "office_name": "Consulate of the State of Israel",
      "address": "Gadol Building, 117 Francisco Ave., Juna Subdivision, Matina, Davao City",
      "contact": "(082) 227-9932; 299 0058",
      "email": "office.117.dvo@gmail.com",
      "representative": "MR. JORGE JULIAN N. MARQUEZ",
      "title": "Consul a.h."
    },
    {
      "country": "ITALY",
      "office_name": "Vice Consulate of the Republic of Italy (Cagayan de Oro)",
      "address": "Primavera City - Citta' Verde, Pedro N. Roa Sr. Avenue, Pueblo de Oro Business Park - Upper Carmen, Cagayan de Oro City, Misamis Oriental",
      "email": "gio.gusella@gmail.com",
      "representative": "MR. GIOVANNI GUSELLA",
      "title": "Consul a.h."
    },
    {
      "country": "ITALY",
      "office_name": "Vice Consulate of the Republic of Italy (Cebu)",
      "address": "Kulas Building, F.B. Seno Compound, M.L. Quezon Street, Maguikay, Mandaue, Cebu City",
      "email": "consolatoonorariocebu@gmail.com",
      "representative": "MR. FRANCESCO GUIDICELLI",
      "title": "Consul a.h."
    },
    {
      "country": "ITALY",
      "office_name": "Vice Consulate of the Republic of Italy (Davao)",
      "address": "Door 11, K7 Strip Building, JP Laurel Avenue, Davao City",
      "contact": "(082) 237-4797",
      "email": "raffy.delros@gmail.com; consdavao@esteri.it",
      "representative": "MR. RAFAEL ALFONSO G. DEL ROSARIO",
      "title": "Consul a.h."
    },
    {
      "country": "ITALY",
      "office_name": "Vice Consulate of the Republic of Italy (Boracay)",
      "address": "3/F EastWest Bank Building, Main Road, Balabag, Boracay Island, Malay, Aklan",
      "contact": "(036) 288-1899",
      "email": "corrispondenteconsolare.boracay@gmail.com",
      "representative": "MR. MARCO ALESSANDRO BIGGIOGERO",
      "title": "Consul a.h."
    },
    {
      "country": "ITALY",
      "office_name": "Vice Consulate of the Republic of Italy (Palawan)",
      "address": "Sitio Sabang, Barangay Teneguiban, El Nido, Palawan",
      "email": "ameacci@hotmail.com",
      "representative": "MR. ALBERTO MEACCI",
      "title": "Consul a.h."
    },
    {
      "country": "ITALY",
      "office_name": "Vice Consulate of the Republic of Italy (Siargao)",
      "address": "Lunares Café, Tourism Road, Poblacion 5, General Luna, Siargao Island, Surigao del Norte",
      "email": "gabrieledl@me.co",
      "representative": "MR. GABRIELE DI LUNA",
      "title": "Consul a.h."
    },
    {
      "country": "JAMAICA",
      "office_name": "Consulate General of Jamaica",
      "address": "3/F Tesoro Bldg., 1016 Arnaiz Ave., Makati City",
      "contact": "8887-5550; 8887-0375 F",
      "email": "jamaica.consulate@yahoo.com",
      "representative": "MS. REMEDIOS SALUD T. GUERRERO",
      "title": "Consul a.h."
    },
    {
      "country": "JAPAN",
      "office_name": "Consulate of Japan (Cebu)",
      "address": "8/F 2 Quad Building, Cardinal Rosales Ave., Cebu Business Park, Cebu City",
      "contact": "(032) 231-7321; 231-7322; 231-6843 F",
      "email": "cebucoj@ce.mofa.go.jp",
      "website": "https://www.cebu.ph.emb-japan.go.jp/",
      "representative": "MR. HIDEAKI MATSUO",
      "title": "Consul General"
    },
    {
      "country": "JAPAN",
      "office_name": "Consulate of Japan (Davao)",
      "address": "4/F BI Zone Building, J.P. Laurel Avenue, Bajada, Davao City",
      "contact": "(082) 221-3100; 221-3200; 221-2176 F",
      "email": "cojd2@dv.mofa.go.jp",
      "website": "https://www.davao.ph.emb-japan.go.jp",
      "representative": "MR. YOSHIHISA ISHIKAWA",
      "title": "Consul General"
    },
    {
      "country": "JORDAN",
      "office_name": "Consulate of the Hashemite Kingdom of Jordan",
      "address": "Rm. 315, 3/F Sitio Grande Bldg., 409 A. Soriano Ave., Intramuros, Manila",
      "contact": "5310-5160 TF",
      "email": "jordanconsulatemanila@gmail.com",
      "representative": "MR. MICHAEL ALEXANDER M. ANG",
      "title": "Consul a.h."
    },
    {
      "country": "KAZAKHSTAN",
      "office_name": "Consulate of the Republic of Kazakhstan",
      "address": "26/F Fort Legend Tower, 3rd Avenue cor. 31st St., Bonifacio Global City, Taguig City",
      "contact": "8403-4015 loc. 330; 8403-4022 F",
      "email": "honoraryconsul@kazakhstan.ph",
      "representative": "MR. DENNIS A. UY",
      "title": "Consul a.h."
    },
    {
      "country": "KIRIBATI",
      "office_name": "Consulate of the Republic of Kiribati",
      "address": "LGF Quadrillion Mansion Condominium, 151 M. Paterno cor. N. Domingo St., San Juan City",
      "contact": "8721-7645; 8721-5266",
      "email": "kiribati.consulate@pldtdsl.net",
      "representative": "MR. WILLIAM S. UY",
      "title": "Consul a.h."
    },
    {
      "country": "KOREA",
      "office_name": "Consulate General of the Republic of Korea",
      "address": "12/F Chinabank Corporate Center, Samar Loop cor. Panay Rd., Cebu Business Park, Cebu City 6000",
      "contact": "(032) 231-1516 to 19",
      "email": "consulcebu.ph@mofa.or.kr",
      "representative": "MR. SEWON SONG",
      "title": "Consul General"
    },
    {
      "country": "LAOS",
      "office_name": "Consulate of the Lao People's Democratic Republic",
      "address": "15 Filipinas Avenue, Insular Village 1, Davao City",
      "contact": "8159-7888",
      "email": "jcsy@gfni.com.ph",
      "representative": "MR. JOSEPH CUE SY",
      "title": "Consul a.h."
    },
    {
      "country": "LEBANON",
      "office_name": "Consulate General of Lebanon",
      "address": "Unit 905 Park Trade Center, 1716 Investment Drive, Madrigal Business Park, Alabang, Muntinlupa City",
      "contact": "8807-3012: 8850-8331",
      "email": "consulateoflebanonphiippines@gmail.com",
      "representative": "MR. JOSEPH KHOURY ASSAD",
      "title": "Consul a.h."
    },
    {
      "country": "LIBERIA",
      "office_name": "Consulate of the Republic of Liberia",
      "address": "Unit 2309 Jollibee Plaza, Emerald St. Ortigas Center, Pasig City",
      "contact": "8637-9989",
      "email": "mawell.chem@yahoo.com.ph",
      "representative": "MS. ENUNINA V. MANGIO",
      "title": "Consul a.h."
    },
    {
      "country": "LITHUANIA",
      "office_name": "Consulate of the Republic of Lithuania",
      "address": "Le Grand Condo Unit 1102, 130 Valero Street, Salcedo Village Makati, Metro Manila",
      "contact": "8810-37-29",
      "email": "jnvp@yahoo.com",
      "representative": "MS. JULIA NETTA V. PEÑA",
      "title": "Consul a.h."
    },
    {
      "country": "LUXEMBOURG",
      "office_name": "Consulate General of the Grand Duchy of Luxembourg",
      "address": "Lot 3, Block 36, Punta Fuego Drive, Nasugbu, Batangas City",
      "contact": "(032) 617-0019",
      "email": "manille@consul-hon.lu",
      "representative": "MR. LUTZ HABDANK KUNACK",
      "title": "Consul a.h."
    },
    {
      "country": "MALAYSIA",
      "office_name": "Consulate General of Malaysia",
      "address": "Level 4 Suite 043 & 044, Pryce Tower, Corporation Building, J.P. Laurel Avenue, Poblacion 8000, Davao City",
      "contact": "(082) 221 4050; 222 1368",
      "email": "mwdavao@kln.gov.my",
      "representative": "MR. DEDDY FAISAL BIN AHMAD SALLEH",
      "title": "Consul General"
    },
    {
      "country": "MALDIVES",
      "office_name": "Consulate of the Republic of Maldives",
      "address": "401 El Grande Avenue, BF Homes Subdivision, Parañaque City",
      "contact": "8826-1883",
      "email": "gshfin@icloud.com",
      "representative": "MR. GAUDENCIO S. HERNANDEZ JR.",
      "title": "Consul a.h."
    },
    {
      "country": "MALI",
      "office_name": "Consulate of the Republic of Mali",
      "address": "Unit 2105, 21/F The Orient Square, Emerald Ave., Ortigas Center, Pasig City",
      "contact": "636-5802 to 05",
      "email": "joey@avellana.com.ph",
      "representative": "MR. JOSE B. AVELLANA, JR.",
      "title": "Consul a.h."
    },
    {
      "country": "MARSHALL ISLANDS",
      "office_name": "Consulate of the Republic of the Marshall Islands",
      "address": "1003A West Tower, Philippine Stock Exchange Center, Exchange Road, Pasig City",
      "contact": "8637-4951",
      "email": "consular.rmi@gmail.com",
      "representative": "MR. EUDALDO CONDE ATILANO",
      "title": "Consul a.h."
    },
    {
      "country": "MAURITANIA",
      "office_name": "Consulate of the Islamic Republic of Mauritania",
      "address": "E 2102-B/C, 21/F Philippine Stock Exchange Center, Exchange Road, Ortigas Center, Pasig City",
      "contact": "8631-1032; 8631-1034",
      "email": "titoharry0904@gmail.com",
      "representative": "MR. HARRY G. LIU",
      "title": "Consul a.h."
    },
    {
      "country": "MEXICO",
      "office_name": "Consulate of the United Mexican States (Davao)",
      "address": "Unit 140, 14/F Landco Corporate Center, J.P. Laurel Avenue, Davao City",
      "contact": "(082) 305-0407",
      "email": "mexconsuladodavao@yahoo.com.ph",
      "representative": "MS. MARIA LOURDES G. MONTEVERDE",
      "title": "Consul a.h."
    },
    {
      "country": "MEXICO",
      "office_name": "Consulate of the United Mexican States (Cebu)",
      "address": "54 Russelia St., Northtown Homes, Cabancalan, Mandaue City, Cebu",
      "email": "embfilipinas@sre.gob.mx",
      "representative": "MR. JOSE M. UGARTE",
      "title": "Consul a.h."
    },
    {
      "country": "MICRONESIA",
      "office_name": "Consulate of the Federated States of Micronesia",
      "address": "Penthouse, Frabelle Business Center, 111 Rada St., Legaspi Village, Makati City",
      "contact": "8281-2909 loc. 202",
      "email": "fsm.consulate.mnl@gmail.com",
      "representative": "MR. FLOYD P. TIU LAUREL",
      "title": "Consul a.h."
    },
    {
      "country": "MONACO",
      "office_name": "Consulate General of the Principality of Monaco",
      "address": "2178 Paraiso St., Dasmariñas Village, Makati City",
      "contact": "8844-3663",
      "email": "fortuneledesma@yahoo.com; raledesma@ledesco.com",
      "representative": "MS. FORTUNE A. LEDESMA",
      "title": "Consul General a.h."
    },
    {
      "country": "MONACO",
      "office_name": "Consulate General of the Principality of Monaco",
      "address": "2178 Paraiso St., Dasmariñas Village, Makati City",
      "contact": "8844-3663",
      "email": "fortuneledesma@yahoo.com; raledesma@ledesco.com",
      "representative": "MR. RENE A. LEDESMA JR.",
      "title": "Consul a.h."
    },
    {
      "country": "MONGOLIA",
      "office_name": "Consulate of Mongolia",
      "address": "5/F DPC Place, 2322 Chino Roces Ave., Makati City",
      "contact": "8843-7854",
      "representative": "MR. ANTONIO O. COJUANGCO",
      "title": "Consul a.h."
    },
    {
      "country": "MONTENEGRO",
      "office_name": "Consulate of Montenegro",
      "address": "6 Lippay St., San Lorenzo Village, Makati City",
      "contact": "7621-6294",
      "email": "MVPLedesma.Montenegro@gmail.com",
      "representative": "MS. VANESSA P. LEDESMA",
      "title": "Consul a.h."
    },
    {
      "country": "NAMIBIA",
      "office_name": "Consulate of Namibia",
      "address": "Penthouse Wilson Corporate Center, #225 Wilson Street Greenhills, San Juan",
      "contact": "8727-7453",
      "email": "info@namibiaconsul.wsc.ph",
      "representative": "Dr. WILLIAM S. CO",
      "title": "Consul a.h."
    },
    {
      "country": "NEPAL",
      "office_name": "Consulate General of Nepal",
      "address": "8/F The Pearl Manila Hotel, 1155 Gen. Luna St., Ermita, Manila",
      "contact": "8400-0088",
      "email": "info@consulateofnepal.ph",
      "representative": "MR. JOSE PAULO E. CAMPOS",
      "title": "Consul a.h."
    },
    {
      "country": "NETHERLANDS",
      "office_name": "Consulate of the Kingdom of the Netherlands (Cebu)",
      "address": "2/F Centro Maximo II Bldg., D. Jakosalem St., Cebu City",
      "contact": "(032) 254-6781; 255-6529 F",
      "email": "gapjoseph1@philinsure.com",
      "representative": "MR. GORDON ALAN P. JOSEPH",
      "title": "Consul a.h."
    },
    {
      "country": "NETHERLANDS",
      "office_name": "Consulate of the Kingdom of the Netherlands (Davao)",
      "address": "Ground Floor, Malayan House Bldg., Km.6 J.P Laurel Ave., Lanag, Davao City",
      "contact": "(082) 225 1099",
      "email": "dutchconsulate@kennemer.ph",
      "representative": "MR. SIMON BAKKER",
      "title": "Consul a.h."
    },
    {
      "country": "NEW ZEALAND",
      "office_name": "Consulate of New Zealand (Cebu)",
      "address": "Manny O. Group, Tower 3 Movenpick Complex, Punta Engaño, Mactan Island, Cebu",
      "contact": "(032) 295-2863",
      "representative": "MR. MANUEL OSMEÑA",
      "title": "Consul a.h."
    },
    {
      "country": "NEW ZEALAND",
      "office_name": "Consulate of New Zealand (Davao)",
      "address": "Vicente T. Lao Construction Compound, KM 12, Diversion Road, Panacan, Davao City",
      "contact": "(082) 234-0577",
      "email": "viclao@maharlika.com.ph",
      "representative": "MR. VICENTE LAO",
      "title": "Consul a.h."
    },
    {
      "country": "NICARAGUA",
      "office_name": "Consulate of the Republic of Nicaragua",
      "address": "Unit 2001B, 20/F East Tower, Philippine Stock Exchange Center, Exchange Road, Ortigas Center, Pasig City",
      "contact": "8631-3004",
      "email": "consulateofnicaragua@yahoo.com.ph",
      "representative": "MR. ANTONIO O. OLBES",
      "title": "Consul General a.h."
    },
    {
      "country": "NICARAGUA",
      "office_name": "Consulate of the Republic of Nicaragua",
      "address": "Unit 2001B, 20/F East Tower, Philippine Stock Exchange Center, Exchange Road, Ortigas Center, Pasig City",
      "contact": "8631-3004",
      "email": "consulateofnicaragua@yahoo.com.ph",
      "representative": "MS. MARIA CRISTINA DUARTE DE OLBES",
      "title": "Vice Consul a.h."
    },
    {
      "country": "NORWAY",
      "office_name": "Royal Norwegian Consulate (Cebu)",
      "address": "Mezzanine Floor University of Cebu, Banilad Bldg., Governor Cuenco Ave., Cebu City",
      "email": "norwayconsulate.cebu@gmail.com",
      "representative": "MS. YVETTE CANDICE GOTIANUY",
      "title": "Consul a.h."
    },
    {
      "country": "OMAN",
      "office_name": "Consulate of the Sultanate of Oman",
      "address": "78 Aim High cor. Efficiency Avenue, Subic Bay Gateway Park - Phase 1, Subic Bay Freeport Zone, Zambales",
      "contact": "8821-1650 to 55 loc. 105; 8822-2222",
      "email": "leo@deocampo.com",
      "representative": "MR. LEONARDO B. DE OCAMPO",
      "title": "Consul a.h."
    },
    {
      "country": "PALAU",
      "office_name": "Consulate of the Republic of Palau (Cebu)",
      "address": "2/F M.C. Briones cor. A.S. Fortuna Sts., Bakilid, Mandaue City, Cebu",
      "contact": "(032) 343-6769",
      "email": "palauconsulate.cebuph@yahoo.com",
      "representative": "MR. MICHAEL ANGELO EARL T. UY",
      "title": "Consul General a.h."
    },
    {
      "country": "PALAU",
      "office_name": "Consulate of the Republic of Palau (Pampanga)",
      "address": "8 Quezon Road, San Isidro, San Simon, Pampanga",
      "email": "palauconsulate.pampanga@gmail.com",
      "representative": "MR. JIMWEL C. CAPILLO",
      "title": "Consul a.h."
    },
    {
      "country": "PAPUA NEW GUINEA",
      "office_name": "Consulate of the Independent State of Papua New Guinea (Subic)",
      "address": "223 Zambales Highway. Upper Cubi, Subic Bay Freeport Zone, Zambales",
      "contact": "(047) 435-2525; 252-1581",
      "email": "magsbma@yahoo.com",
      "representative": "MR. JESUS VICENTE E. MAGSAYSAY",
      "title": "Consul General a.h."
    },
    {
      "country": "PERU",
      "office_name": "Consulate General of the Republic of Peru (Mandaluyong)",
      "address": "Suite 404-405 CLMC Bldg., 259 EDSA Greenhills, Mandaluyong City",
      "contact": "8726-0355 TF",
      "email": "peruvianconsulate@yahoo.com",
      "representative": "MR. BIAO ANG",
      "title": "Consul General a.h."
    },
    {
      "country": "PERU",
      "office_name": "Consulate of the Republic of Peru (Batangas)",
      "address": "G/F Cambridge Place, Corporate Clubhouse Office, Tanauan City, Batangas",
      "contact": "(032) 994-9992",
      "email": "peruvianconsulate@yahoo.com",
      "representative": "MR. BRYAN JAN L. ANG",
      "title": "Consul a.h."
    },
    {
      "country": "POLAND",
      "office_name": "Consulate General of the Republic of Poland (Pampanga)",
      "address": "Unit 101, Levy P Laus Corporate Center, Laus Group, Jose Abad Santos Avenue, San Fernando, Pampanga",
      "contact": "5310 1585",
      "email": "sec@poland.ph",
      "representative": "MR. FERNANDO T. LISING",
      "title": "Consul General a.h."
    },
    {
      "country": "POLAND",
      "office_name": "Consulate General of the Republic of Poland (Cebu)",
      "address": "Room 102 Advent Business Center, Acacia St., Lahug, Cebu City",
      "contact": "(032) 233-6808",
      "email": "duranocarmel@yahoo.com",
      "representative": "MR. CARMEL RUIZ DE LUZURIAGA DURANO",
      "title": "Consul a.h."
    },
    {
      "country": "POLAND",
      "office_name": "Consulate of the Republic of Poland (Palawan)",
      "address": "True Care Building, Solid Road, Brgy. San Manuel, Puerto Princesa, Palawan 5300",
      "email": "polishconsulate.mimaropa@gmail.com",
      "representative": "MR. JUAN ANDRE TERENCE LACSON",
      "title": "Consul a.h."
    },
    {
      "country": "PORTUGAL",
      "office_name": "Consulate of the Republic of Portugal (Manila)",
      "address": "14/F PSE Tower, 5th Avenue cor. 28th Street, 164 Taguig City",
      "email": "consulate@manilaportugal.com",
      "representative": "MR. RAMON GABRIEL C. GARCIA JR.",
      "title": "Consul a.h."
    },
    {
      "country": "PORTUGAL",
      "office_name": "Consulate of the Republic of Portugal (Cebu)",
      "address": "Cadiz Steel Corp., Tingub Road, Mandaue City, Cebu City",
      "contact": "(032) 340-5555; 255-0113",
      "email": "slchioson@gmail.com",
      "representative": "MR. SAMUEL L. CHIOSON",
      "title": "Consul a.h."
    },
    {
      "country": "ROMANIA",
      "office_name": "Consulate General of the Republic of Romania (Pampanga)",
      "address": "2/F Export Industry Bank Bldg., 343 Sta. Rosario Street",
      "contact": "(458) 886-6746; (453) 221-1351 F",
      "email": "sergio.ortizluis@philippinechamber.com",
      "representative": "MR. SERGIO R. ORTIZ-LUIS JR.",
      "title": "Consul General a.h."
    },
    {
      "country": "ROMANIA",
      "office_name": "Consulate of the Republic of Romania (Cebu)",
      "address": "Doña Emilia Benedicto Bldg., 7 E. Benedicto St., Cebu City",
      "contact": "(032) 255-3200; 346-5471; 255-8200 F",
      "email": "grand@berbenwood.com",
      "representative": "MR. GRAND T. BENEDICTO",
      "title": "Consul a.h."
    },
    {
      "country": "RUSSIAN FEDERATION",
      "office_name": "Consulate of the Russian Federation (Cebu)",
      "address": "Unit 1501-1502 Ayala Life-FGU Center, Mindanao Ave., Cebu Business Park, Cebu City",
      "contact": "(032) 232-0253; 232-0283",
      "email": "armi.russianconsulateph@gmail.com",
      "representative": "MS. ARMI L. GARCIA",
      "title": "Consul a.h."
    },
    {
      "country": "SAMOA",
      "office_name": "Consulate of the Independent State of Samoa",
      "address": "7/F Alabang Corporate Center, KM 25, West Service Road, Barangay Cupang, Muntinlupa City",
      "contact": "8775-0632",
      "email": "consul@samoa.ph",
      "representative": "MR. JAMES M. DONOVAN",
      "title": "Consul a.h."
    },
    {
      "country": "SAN MARINO",
      "office_name": "Consulate of the Republic of San Marino",
      "address": "G/F PJL Corporate Center Bldg., 728 Nicanor Garcia cor. Candelaria St., Bel-Air, Makati City",
      "contact": "8897-9331",
      "email": "cons.manila@gov.sm",
      "representative": "MR. JEAN HENRI D. LHUILLIER",
      "title": "Consul General a.h."
    },
    {
      "country": "SENEGAL",
      "office_name": "Consulate of the Republic of Senegal",
      "address": "Unit 16-A South Tower, Pacific Plaza Tower, Bonifacio Global City, Taguig City",
      "contact": "8818-6220",
      "email": "christine.go@gmail.com",
      "representative": "MS. MARIE CHRISTINE LAPERAL GO",
      "title": "Consul a.h."
    },
    {
      "country": "SERBIA",
      "office_name": "Consulate of Serbia",
      "address": "Suite 3002, 30/F, Infinity Tower Suites, 106 H.V. Dela Costa St. cor. Leviste St., Salcedo Village, Makati City",
      "contact": "8888-6677 ext. 3002; 8532 1042",
      "email": "jcrodriguez.sr@gmail.com",
      "representative": "MR. JOAQUIN C. RODRIGUEZ",
      "title": "Consul a.h."
    },
    {
      "country": "SEYCHELLES",
      "office_name": "Consulate of the Republic of Seychelles",
      "address": "JY Campos Centre, 9th Avenue cor. 30th Street, Bonifacio Global City, Taguig City",
      "contact": "8856-2588",
      "email": "seychellesphconsulate@gmail.com",
      "representative": "MR. JOSELITO D. CAMPOS JR.",
      "title": "Consul General a.h."
    },
    {
      "country": "SLOVAK REPUBLIC",
      "office_name": "Consulate of the Slovak Republic (Manila)",
      "address": "3/F A&R Bldg., 213 Rizal Avenue Extension, Caloocan City",
      "contact": "8366-4487",
      "email": "slovak.rep@gmail.com",
      "representative": "MR. REX K. SIY",
      "title": "Consul a.h."
    },
    {
      "country": "SLOVAK REPUBLIC",
      "office_name": "Consulate of the Slovak Republic (Cebu)",
      "address": "2/F GCH Bldg., Tres Borces Street, Mabolo, Cebu City",
      "contact": "(32) 384.1399; 505-3004",
      "email": "consulslovakcebu@gmail.com",
      "representative": "MR. ANTONIO N. CHIU",
      "title": "Consul a.h."
    },
    {
      "country": "SLOVENIA",
      "office_name": "Consulate of Slovenia",
      "address": "186 Punta Fuego Drive, Peninsula de Punta Fuego, Barangay Balaytigue, Nasugbu, Batangas",
      "email": "sloveniaconsulate.ph@gmail.com",
      "representative": "MR. FELIX ANG",
      "title": "Consul a.h."
    },
    {
      "country": "SOLOMON ISLANDS",
      "office_name": "Consulate of Solomon Islands",
      "address": "2/F Finance Building, Frabelle Fishing Corporation, 1051 North Bay Boulevard, Navotas City",
      "email": "dale.sacay@frabelle.net",
      "representative": "MR. FRANCISCO O. TIU-LAUREL",
      "title": "Consul a.h."
    },
    {
      "country": "SOMALIA",
      "office_name": "Consulate of Somalia",
      "address": "4A Velasco St, AFPOVAI, Phase 5, Taguig",
      "email": "somaliaconsulate@gmail.com",
      "representative": "MS. MANUELA ARROYO-CUNANAN",
      "title": "Consul a.h."
    },
    {
      "country": "SPAIN",
      "office_name": "Consulate of Spain (Zamboanga)",
      "address": "La Vista del Mar, Colarian, Zamboanga City",
      "contact": "(062) 983-0319; 983-3328; Manila: 8829-1787 TF",
      "email": "ramonbalaguer@yahoo.com",
      "representative": "MR. RAMON BALAGUER LOBREGAT",
      "title": "Consul a.h."
    },
    {
      "country": "SPAIN",
      "office_name": "Consulate of Spain (Davao)",
      "address": "Asiaquip, Km.9, Sasa, Davao City",
      "contact": "(082) 315-3189; 294-5024; 234-2781 F",
      "email": "fortichnati@gmail.com",
      "representative": "MS. NATIVIDAD R. FORTICH",
      "title": "Consul a.h."
    },
    {
      "country": "SPAIN",
      "office_name": "Consulate of Spain (Cebu)",
      "address": "Visayan Electric Company, J. Panis St., Banilad, Cebu City",
      "contact": "(032) 411-1728; 231-0580 F",
      "email": "anton.perdices@outlook.com",
      "representative": "MR. ANTON MARI G. PERDICES",
      "title": "Consul a.h."
    },
    {
      "country": "SPAIN",
      "office_name": "Consulate of Spain (Bicol)",
      "address": "Bigg's Diner, G/F Pacific Mall Bldg., F. Imperial St. cor. Circumferential Rd., Landco Business Park, Legaspi City, Albay",
      "contact": "(054) 811-1717",
      "email": "cbbuenaflor@mac.com",
      "representative": "MR. GENARO CARLO B. BUENAFLOR",
      "title": "Consul a.h."
    },
    {
      "country": "SPAIN",
      "office_name": "Consulate of Spain (Iloilo)",
      "address": "Paseo de Sto. Rosario St., Ledesma Village 2, Iloilo City",
      "contact": "(033) 329-5502",
      "email": "scotchoiloilo@yahoo.com",
      "representative": "MS. MARIA ROSA C. AFZELIUS",
      "title": "Consul a.h."
    },
    {
      "country": "SPAIN",
      "office_name": "Consulate of Spain (El Nido)",
      "address": "Kalye Artisano, Kalye Kalugtan, Lio Tourism Estate, Villa Libertad, El Nido, Palawan",
      "contact": "(027) 216-3556",
      "email": "bzobelau@gmail.com",
      "representative": "MS. BEATRIZ SUSANNA M. ZOBEL DE AYALA",
      "title": "Consul a.h."
    },
    {
      "country": "SRI LANKA",
      "office_name": "Consulate of the Democratic Socialist Republic of Sri Lanka (Davao)",
      "address": "G/F Pavilion Building, V. Mapa St., 8000 Davao City",
      "contact": "(082) 224-0225",
      "email": "consulateofsrilankadavao@gmail.com",
      "representative": "MR. WILLIAM T. CHEN",
      "title": "Consul a.h."
    },
    {
      "country": "SWEDEN",
      "office_name": "Consulate of the Kingdom of Sweden",
      "address": "Vasacrafts Company, Inc., Lot 6-A Blk #7, Masskara Street SEPZ, MEPZII, Basak, Lapu-Lapu Cebu",
      "email": "consulofswedencebu@gmail.com",
      "representative": "MR. KARL MOGENS ALEXANDER HEY",
      "title": "Consul a.h."
    },
    {
      "country": "SWITZERLAND",
      "office_name": "Consulate of Switzerland",
      "address": "16th Flr., Latitude Corporate Center, Mindanao Avenue, Cebu Business Park, Cebu City",
      "email": "cebu@honrep.ch",
      "representative": "MR. MATHIAS RALF BERGUNDTHAL",
      "title": "Consul a.h."
    },
    {
      "country": "SYRIA",
      "office_name": "Consulate General of the Syrian Arab Republic",
      "address": "Suite 1502 Liberty Center Bldg., 104 H.V. Dela Costa St., Salcedo Village, Makati City",
      "contact": "8845-3041 to 42; 8843-1686 F",
      "email": "syrconsulate@gmail.com",
      "representative": "MR. MOHAMMED ISSAM ELDEBS",
      "title": "Consul General a.h."
    },
    {
      "country": "THAILAND",
      "office_name": "Royal Thai Consulate (Cebu)",
      "address": "Eastern Shipping Lines Bldg., M. J. Cuenco cor. Magallanes Sts., Cebu City",
      "contact": "(032) 412-1688; 254-8827 F",
      "email": "eastship@pldtdsl.net",
      "representative": "MR. ROY L. CHIONGBIAN",
      "title": "Consul a.h."
    },
    {
      "country": "THAILAND",
      "office_name": "Royal Thai Consulate (Manila Office)",
      "address": "Anda Circle Port Area, Manila",
      "contact": "8527-3019; 8527-3006 F",
      "representative": "MS. VISITACION COSTA",
      "title": "Consul General a.h."
    },
    {
      "country": "TOGO",
      "office_name": "Consulate of the Republic of Togo",
      "address": "2162 Paraiso St., Dasmariñas Village, Makati City",
      "contact": "8818-0626; 8810-3380",
      "email": "consuleviecosta@yahoo.com",
      "representative": "MR. GENE COSTA",
      "title": "Vice Consul a.h."
    },
    {
      "country": "TUNISIA",
      "office_name": "Consulate of the Republic of Tunisia",
      "address": "506 Heritage Bldg., 1851 A. Vasquez St., Malate, Manila",
      "contact": "8425-8980",
      "email": "tunisia_consulate@yahoo.com",
      "representative": "MR. EDWARD ANTHONY C. GO",
      "title": "Consul a.h."
    },
    {
      "country": "TÜRKIYE",
      "office_name": "Consulate General of the Republic of Türkiye",
      "address": "Benedicto College, A.S. Fortuna St., Mandaue City, Cebu",
      "contact": "(032) 265-5050 to 54; 340-5555 loc. 112",
      "email": "lianbenedicto@yahoo.com",
      "representative": "MS. LILIAN B. HUAN",
      "title": "Consul General a.h."
    },
    {
      "country": "TUVALU",
      "office_name": "Consulate General of Tuvalu",
      "address": "2701 Antel Global Corporate Center, Doña Julia Vargas Ave., Ortigas Center, Pasig City",
      "contact": "8633-5892 to 93; 8633-6739",
      "email": "consulateoftuvalu@yahoo.com",
      "representative": "MR. HERCULANO C. CO JR.",
      "title": "Consul General a.h."
    },
    {
      "country": "UKRAINE",
      "office_name": "Consulate of Ukraine",
      "address": "Suite 607 CLMC Bldg., 259 EDSA Greenhills, Mandaluyong City",
      "contact": "8726-0355",
      "email": "ukrainemanila@yahoo.com",
      "representative": "MS. BEATRICE JANE L. ANG",
      "title": "Consul a.h."
    },
    {
      "country": "VANUATU",
      "office_name": "Consulate General of the Republic of Vanuatu",
      "address": "5/F Phinma Plaza, 39 Plaza Drive, Rockwell Center, Makati City 1210",
      "contact": "8396-5401",
      "email": "cg@vanuatuconsulate.ph",
      "representative": "MR. JAMES WILLIAM ARMITAGE",
      "title": "Consul General"
    },
    {
      "country": "ZAMBIA",
      "office_name": "Consulate of Zambia",
      "address": "5/F Ablaza Bldg., 117 E. Rodriguez Sr. Ave., Quezon City",
      "contact": "8355-3066",
      "email": "zambiaconsulph@yahoo.com",
      "representative": "MR. LUIS I. ABLAZA JR.",
      "title": "Consul a.h."
    }
  ],
  "International Organization": [
    {
      "organization_name": "ASIAN DEVELOPMENT BANK",
      "address": "6 ADB Avenue, Mandaluyong City",
      "contact": "8632-4444",
      "email": "csd-gr@adb.org",
      "website": "www.adb.org",
      "head": "MR. ASAKAWA MASATSUGU",
      "title": "President"
    },
    {
      "organization_name": "FOOD AND AGRICULTURE ORGANIZATION OF THE UNITED NATIONS",
      "address": "UN House Manila, 14/F North Tower, Rockwell Business Center Sheridan, Cor. Sheridan and United Sts., Highway Hills, Mandaluyong City",
      "contact": "8638-9886",
      "email": "FAO-PH@fao.org",
      "website": "www.fao.org/Philippines",
      "head": "MR. LIONEL HENRI VALENTIN DABBADIE",
      "title": "Representative, a.i."
    },
    {
      "organization_name": "INTERNATIONAL COMMITTEE OF THE RED CROSS",
      "address": "17/F NEX Tower, 6786 Ayala Avenue, Makati City",
      "contact": "8892-8901 to 04; 8819-5997 F",
      "email": "manila@icrc.org",
      "website": "www.icrc.org.ph",
      "head": "MR. ALEXANDRE FAITE",
      "title": "Head of Delegation"
    },
    {
      "organization_name": "INTERNATIONAL FUND FOR AGRICULTURAL DEVELOPMENT",
      "address": "6 ADB Avenue, Room 1650, Mandaluyong City",
      "contact": "8632-4444 loc. 77101",
      "email": "v.azore@ifad.org",
      "website": "www.ifad.org",
      "head": "MR. UMIT MANSIZ",
      "title": "Country Programme Manager"
    },
    {
      "organization_name": "INTERNATIONAL FINANCE CORPORATION",
      "address": "23/F One Global Place, 5th Ave. cor. 25th St., Bonifacio Global City, Taguig City",
      "contact": "8465-2700; 8465-2747",
      "email": "yxu1@ifc.org",
      "website": "www.ifc.org",
      "head": "MR. JEAN-MARC CHRISTIAN ARBOGAST",
      "title": "Country Manager/Head of Mission"
    },
    {
      "organization_name": "INTERNATIONAL LABOUR ORGANIZATION",
      "address": "19/F Yuchengco Tower, RCBC Plaza, 6819 Ayala Avenue, Makati City",
      "contact": "8580-9900; 8856-7597 F",
      "email": "manila@ilo.org",
      "website": "www.ilo.org/manila",
      "head": "MR. KHALID HASSAN",
      "title": "Director"
    },
    {
      "organization_name": "INTERNATIONAL MONETARY FUND",
      "address": "Rm. 407 5-Storey Bldg., BSP Complex, A. Mabini St., Malate, Manila",
      "contact": "8708-7484; 8708-7483 F",
      "email": "RR-PHL@imf.org",
      "website": "www.imf.org",
      "head": "MR. RAGNAR BALDVIN RAGNARSSON GUDMUNDSSON",
      "title": "Resident Representative"
    },
    {
      "organization_name": "INTERNATIONAL ORGANIZATION FOR MIGRATION",
      "address": "25/F Tower 6789, 6789 Ayala Ave., Makati City",
      "contact": "8230-1999 TL; 8848-1257 F",
      "email": "mac@iom.int",
      "website": "www.iom.int",
      "head": "MR. ALBERTO BRENES ARRIETA",
      "title": "Head, IOM Philippines and Director, Manila Administrative Centre"
    },
    {
      "organization_name": "INTERNATIONAL RICE RESEARCH INSTITUTE",
      "address": "UP College, Los Baños, 4031 Laguna",
      "contact": "8580-5600; 8580-5699 F",
      "email": "imi@cgiar.org",
      "website": "www.irri.org",
      "head": "MR. JEAN BALIE",
      "title": "Director General"
    },
    {
      "organization_name": "UNITED NATIONS CHILDREN'S FUND",
      "address": "UN Mailroom 15/F North Tower, Rockwell Business Center, Sheridan cor. United Sts., Highway Hills, Mandaluyong City",
      "contact": "8249-5400",
      "email": "arosario@unicef.org",
      "website": "www.unicef.org/philippines",
      "head": "MS. OYUNSAIKHAN LUVSAN DENDEVNOROV",
      "title": "Representative"
    },
    {
      "organization_name": "UNITED NATIONS DEVELOPMENT PROGRAMME",
      "address": "15/F North Tower, Rockwell Business Center Sheridan, Sheridan St. cor. United St., Highway Hills, Mandaluyong City",
      "contact": "9702-9701; 9702-9704",
      "email": "registry.ph@undp.org",
      "website": "www.undp.org.ph",
      "head": "MR. SELVAKUMARAN RAMACHANDRAN",
      "title": "UNDP Resident Representative"
    },
    {
      "organization_name": "UNITED NATIONS HIGH COMMISSIONER FOR REFUGEES",
      "address": "UNHCR Representation in the Philippines, 6/F GC Corporate Plaza, 150 Legaspi St., Legaspi Village, Makati City",
      "contact": "8403-2256; 8403-2336; 8818-5521; 8817-4057 F",
      "email": "phima@unhcr.org",
      "website": "www.unhcr.org/ph",
      "head": "MS. MARIA ERMINA VALDEAVILLA-GALLARDO",
      "title": "Head of National Office"
    },
    {
      "organization_name": "UNITED NATIONS INDUSTRIAL DEVELOPMENT ORGANIZATION",
      "address": "14/F North Tower, Rockwell Business Center Sheridan, cor. Sheridan and United Sts., Mandaluyong City",
      "contact": "8902-2566",
      "email": "office.philippines@unido.org",
      "website": "www.unido.org",
      "head": "MR. TEDDY GO MONROY",
      "title": "Country Representative"
    },
    {
      "organization_name": "UNITED NATIONS POPULATION FUND",
      "address": "15/F North Tower Rockwell, Business Center Sheridan, cor. Sheridan and United Sts., Highway Hills, Mandaluyong City",
      "contact": "7902-9901",
      "email": "phl.co@unfpa.org",
      "website": "www.philippines.unfpa.org",
      "head": "MS. LEILA SAIJI EP JOUDANE",
      "title": "Country Representative"
    },
    {
      "organization_name": "THE WORLD BANK",
      "address": "26/F One Global Place, 5th Ave. cor. 25th St., Bonifacio Global City, Taguig",
      "contact": "8465-2500; 8465-2505 F",
      "website": "www.worldbank.org.ph",
      "head": "MR. ZAFER MUSTAFAOĞLU",
      "title": "Country Director"
    },
    {
      "organization_name": "WORLD FOOD PROGRAMME",
      "address": "11/F Rockwell Business Center Sheridan, cor. Sheridan and United Sts., Highway Hills, Mandaluyong City",
      "contact": "8833-6229; 8823-1485 F",
      "email": "wfp.philippines@wfp.org",
      "website": "www.wfp.org/countries/Philippines",
      "head": "MR. REGIS JOSEPH CHAPMAN",
      "title": "Representative and Country Director"
    },
    {
      "organization_name": "WORLD HEALTH ORGANIZATION",
      "address": "WHO Building, UN Avenue, Manila",
      "contact": "8528-8001; 8521-1036 F",
      "email": "wpropostmaster@who.int",
      "head": "MR. SAIA MAU PIUKALA",
      "title": "Regional Director"
    },
    {
      "organization_name": "WORLD HEALTH ORGANIZATION",
      "address": "G/F Bldg. 3, Department of Health Compound, Sta. Cruz, Manila",
      "contact": "8528-8001; 5338-8605",
      "email": "who@phl.wrpo.who.int",
      "head": "DR. RUI PAULO DE JESUS",
      "title": "WHO Representative in the Philippines"
    }
  ]
}