[
  {
    "name": "NATIONAL CAPITAL REGION",
    "slug": "national-capital-region"
  },
  {
    "name": "CORDILLERA ADMINISTRATIVE REGION",
    "slug": "cordillera-administrative-region"
  },
  {
    "name": "REGION I ILOCOS REGION",
    "slug": "region-i-ilocos-region"
  },
  {
    "name": "REGION II CAGAYAN VALLEY",
    "slug": "region-ii-cagayan-valley"
  },
  {
    "name": "REGION III CENTRAL LUZON",
    "slug": "region-iii-central-luzon"
  },
  {
    "name": "REGION IV-A CALABARZON",
    "slug": "region-iva-calabarzon"
  },
  {
    "name": "MIMAROPA REGION",
    "slug": "mimaropa-region"
  },
  {
    "name": "REGION V BICOL REGION",
    "slug": "region-v-bicol-region"
  },
  {
    "name": "REGION VI - WESTERN VISAYAS",
    "slug": "region-vi-western-visayas"
  },
  {
    "name": "GUIMARAS PROVINCE",
    "slug": "guimaras-province"
  },
  {
    "name": "ILOILO PROVINCE",
    "slug": "iloilo-province"
  },
  {
    "name": "NEGROS ISLAND REGION",
    "slug": "negros-island-region"
  },
  {
    "name": "REGION VII - CENTRAL VISAYAS",
    "slug": "region-vii-central-visayas"
  },
  {
    "name": "REGION VIII - EASTERN VISAYAS",
    "slug": "region-viii-eastern-visayas"
  },
  {
    "name": "REGION IX - ZAMBOANGA PENINSULA",
    "slug": "region-ix-zamboanga-peninsula"
  },
  {
    "name": "REGION X - NORTHERN MINDANAO",
    "slug": "region-x-northern-mindanao"
  },
  {
    "name": "REGION XI - DAVAO REGION",
    "slug": "region-xi-davao-region"
  },
  {
    "name": "REGION XII - SOCCSKSARGEN",
    "slug": "region-xii-soccsksargen"
  },
  {
    "name": "REGION XIII-CARAGA",
    "slug": "region-xiiicaraga"
  },
  {
    "name": "BANGSAMORO AUTONOMOUS REGION IN MUSLIM MINDANAO",
    "slug": "bangsamoro-autonomous-region-in-muslim-mindanao"
  },
  {
    "name": "Special Geographic Area",
    "slug": "special-geographic-area"
  }
]